NO,NAMA KELUHAN,GEJALA PENYERTA / PEMBEDA,TINGKAT URGENSI,REKOMENDASI TINDAKAN,REKOMENDASI PRODUK/OBAT,KONDISI BAHAYA / RED FLAG,WAJIB DISCLAIMER,CATATAN KHUSUS
1,Nyeri Dada,"Nyeri terasa tajam atau seperti tertarik; dapat ditunjuk dengan satu jari; bertambah saat bergerak, mengangkat beban, batuk, atau ditekan; biasanya tidak menjalar; sering setelah aktivitas fisik",RINGAN,1. Istirahat 15-20 mnt; 2. Kompres hangat area nyeri; 3. Minum air putih yg cukup,Counterpain Cool (oles 2x/hari); atau Paracetamol 500mg jika nyeri,Sesak; nyeri menjalar; keringat dingin; nyeri tidak membaik ,YA,Kemungkinan diagnosis: nyeri otot dada/costochondritis. Lansia perlu waspada bila nyeri baru muncul mendadak
2,Nyeri Dada,Perih/panas setelah makan; membaik dgn antasida; tidak menjalar; rasa asam di mulut,RINGAN,"1. Duduk tegak, jangan langsung tiduran; 2. Hindari makan pedas/asam; 3. Minum antasida","Antasida cair 10ml setelah makan (max 3x/hari); atau 
Omeprazole 20 mg sebelum makan (2x sehari)",Jika tidak membaik >3 hari → rujuk ke dokter,YA,"Pada ibu hamil lebih sering terjadi akibat peningkatan tekanan perut dan hormon kehamilan. Pada lansia, keluhan maag dapat menyerupai nyeri jantung"
3,Nyeri Dada,"Nyeri terasa ditekan, dihimpit, diremas, atau tertindih beban berat; biasanya di tengah/kiri dada; muncul saat aktivitas, naik tangga, stres emosional; membaik saat istirahat; dapat menjalar ke lengan kiri, bahu, rahang, leher, atau punggung",BAHAYA,1. Hentikan aktivitas; 2. Duduk dan istirahat; 3. Segera evaluasi medis,-,⚠️ SEGERA minta seseorang antarkan ke IGD terdekat,SELALU,"Kemungkinan diagnosis: angina stabil/tidak stabil. Perokok, hipertensi, diabetes, dan kolesterol tinggi berisiko tinggi"
4,Jantung berdebar,"Jantung terasa lompat-lompat, tidak teratur, kadang seperti berhenti sesaat lalu berdetak keras; dapat disertai pusing, lemas, hampir pingsan; denyut dapat >150 x/menit atau tidak teratur",BAHAYA,1. Hentikan aktivitas; 2. Segera evaluasi medis,-,Pingsan; sesak; nyeri dada; denyut sangat cepat/lambat,SELALU,"Kemungkinan diagnosis: fibrilasi atrium, SVT, PVC. Lansia berisiko stroke"
4,Jantung berdebar,"Jantung terasa cepat atau berdebar kuat; muncul saat cemas, panik, habis minum kopi/energi drink, kurang tidur  denyut biasanya teratur; heart rate umumnya 100–120 x/menit ",SEDANG,1. Istirahat; 2. Kurangi kafein; 3. Tidur cukup; 4. Kelola stres,,Pingsan; nyeri dada; sesak; denyut sangat cepat/tidak teratur menetap → IGD,YA,"Kemungkinan diagnosis: palpitasi fungsional, aritmia ringan, gangguan cemas. Lansia berisiko fibrilasi atrium"
5,Luka kaki sulit sembuh,"Luka pada kaki/tungkai yang tidak membaik dalam beberapa hari–minggu, dapat disertai nyeri, mati rasa, kaki dingin, kulit menghitam, bengkak, kemerahan, atau keluar cairan/nanah. Pada sebagian pasien diabetes nyeri bisa minimal karena gangguan saraf",SEDANG,1. Bersihkan luka dengan air mengalir/NaCl; 2. Tutup dengan kasa bersih; 3. Kurangi tekanan pada kaki/luka; 4. Kontrol gula darah bila diabetes; 5. Segera evaluasi ke dokter untuk pemeriksaan pembuluh darah dan infeksi,NaCl untuk membersihkan luka; kasa steril,"Luka menghitam, bau busuk, demam, nyeri hebat, bengkak cepat, keluar nanah banyak, kaki pucat/dingin, mati rasa luas, demam, atau luka semakin dalam → segera ke IGD ",YA,"Sangat sering pada pasien diabetes, perokok, hipertensi, kolesterol tinggi, obesitas, penyakit ginjal, dan lansia akibat gangguan aliran darah atau saraf. Pada diabetesi luka kecil dapat cepat memburuk tanpa terasa nyeri. Perokok memiliki risiko tinggi penyempitan pembuluh darah sehingga penyembuhan lebih lambat. Jangan berjalan tanpa alas kaki pada pasien diabetes. Hindari mengoles bahan sembarangan atau memijat area luka. Bila terdapat warna hitam/kebiruan curiga gangren dan perlu penanganan segera"
6,Sesak Napas saat Aktivitas ,"Sesak muncul saat jalan cepat, naik tangga, atau aktivitas ringan; dapat disertai cepat lelah dan dada terasa berat; membaik saat istirahat",SEDANG,1. Hentikan aktivitas dan istirahat; 2. Duduk tegak/semi-Fowler; 3. Hindari aktivitas berat sementara; 4. Catat kapan sesak muncul dan pencetusnya; 5. Evaluasi medis bila sering kambuh,-,"Sesak memburuk cepat, nyeri dada, bibir/kuku kebiruan, pingsan, batuk berbusa merah muda, tidak bisa bicara kalimat panjang, saturasi rendah",YA,"Kemungkinan diagnosis: gagal jantung awal, penyakit jantung koroner, anemia. Lansia berisiko gagal jantung"
14,Sesak Napas saat Tidur,Sesak muncul saat berbaring dan membaik saat duduk; sering memakai bantal tinggi saat tidur,BAHAYA,1. Tidur dengan posisi kepala lebih tinggi; 2. Segera evaluasi medis,-,"Sesak progresif, batuk berbusa",SELALU,Khas pada gagal jantung. Pasien sering tidur dengan banyak bantal atau terbangun malam karena sesak. Risiko lebih tinggi pada hipertensi lama dan penyakit jantung koroner.
15,Kaki Bengkak Kedua Sisi,Bengkak pada kedua kaki/pergelangan kaki; terasa berat; lebih jelas sore hari; dapat meninggalkan cekungan saat ditekan,SEDANG,1. Tinggikan kaki saat duduk/tidur; 2. Kurangi garam; 3. Hindari berdiri lama,Stocking kompresi ,Sesak; bengkak cepat membesar; nyeri dada,YA,"Pada ibu hamil dapat terjadi akibat penumpukan cairan, namun bila disertai tekanan darah tinggi perlu waspadai preeklamsia"
16,Kaki Bengkak Satu Sisi,"Bengkak hanya satu kaki; dapat disertai nyeri, kemerahan, hangat",BAHAYA,1. Jangan dipijat; 2. Hindari aktivitas berat; 3. Segera periksa,-,Sesak mendadak; nyeri dada; batuk darah,SELALU,"Pada ibu hamil, pasca operasi, atau pasien tirah baring lama lebih berisiko pembekuan darah/DVT"
,Cepat Lelah saat Aktivitas Ringan,Mudah lelah saat berjalan pendek atau aktivitas biasa; dapat disertai sesak atau berdebar,SEDANG,1. Kurangi aktivitas berat; 2. Cukup istirahat; 3. Evaluasi faktor risiko jantung,-,Sesak berat; nyeri dada; pingsan,YA,Pada lansia dapat berkaitan dengan penurunan fungsi jantung. Pada pasien anemia atau penyakit kronis keluhan dapat lebih bera
,Denyut Jantung Lambat,"Detak terasa lambat; heart rate <60 x/menit; dapat disertai lemas, pusing, mengantuk",SEDANG,1. Istirahat; 2. Monitor denyut bila memungkinkan; 3. Periksa bila berulang,-,Heart rate <40 x/menit; pingsan; sesak,YA,Pada atlet dapat normal. Pada lansia atau pasien pengguna obat jantung tertentu perlu evaluasi bila disertai gejala
,Nyeri Rahang/Bahu terkait Jantung,"Nyeri atau pegal di rahang, bahu kiri, lengan kiri tanpa cedera jelas; dapat disertai dada terasa berat",BAHAYA,1. Hentikan aktivitas; 2. Evaluasi medis segera,-,Sesak; keringat dingin; mual,YA,Nyeri jantung kadang muncul sebagai nyeri alih terutama pada wanita dan lansia
,Kebas atau Nyeri Betis saat Jalan,Nyeri/kram betis saat berjalan dan membaik saat istirahat,SEDANG,Nyeri saat istirahat; luka sulit sembuh; kaki pucat/dingin,-,Nyeri saat istirahat; luka sulit sembuh; kaki pucat/dingin,YA,"Pasien diabetes, hipertensi, kolesterol tinggi, dan perokok memiliki risiko lebih tinggi penyempitan pembuluh darah perifer"
21,Pilek,"Bersin, hidung tersumbat, tanpa sesak",RINGAN,1. Istirahat; 2. Makan makanan bernutrisi; 3. Olahraga; 4. Minum vitamin; 5. Memperbanyak minum,"Saline nasal spray, parasetamol bila demam","Sesak napas, demam tinggi>3 hari",YA,Waspada pada bayi & lansia
22,Sakit Tenggorokan,"Nyeri saat menelan, tanpa sesak",RINGAN,1. Beristirahat yang cukup; 2. Memperbanyak minum air putih (bukan ait panas); 3. Mengonsumsi makanan yang dingin dan lembut; 4. Berhenti merokok dan hindari asap rokok; 5. Mengulum es batu (tidak untuk bayi & anak); 6. Berkumur dengan air hangat dicampur garam (tidak untuk anak),Obat antinyeri (paracetamol/ ibuprofen),"Rasa nyeri yang parah hingga sulit makan dan minum
Demam tinggi
Sesak napas
Ruam kulit
Leher terasa kaku
Sakit telinga
Darah pada air liur atau dahak
Suara serak lebih dari 2 minggu
Pembengkakan pada leher atau wajah",,Anak perlu pemantauan
23,Flu,"Demam 
Batuk 
Pilek 
Hidung tersumbat
Sakit kepala
Nyeri otot
Kelelahan
Menggigil atau berkeringat",SEDANG,1. Beristirahat yang cukup; 2. minum air putih yang banyak; 3. makan makanan bergizi, Panadol/ Fenatic,Gejala tidak membaik setelah 2 minggu,,Komorbid risiko tinggi
24,Bersin Alergi,"Pilek atau hidung tersumbat
Bersin-bersin
Mata terasa gatal atau berair
Mata membengkak dan kelopak mata bawah berwarna gelap (mata panda)
Gatal di mulut dan tenggorokan
Muncul ruam pada kulit
Lemas
Batuk-batuk
Sakit kepala",RINGAN,Hindari debu/asap,Antihistamin (konsul ke dokter),"Gejala-gejala yang terasa sangat mengganggu dan tidak kunjung membaik
Obat alergi yang diminum tidak efektif atau justru memicu efek samping yang mengganggu
Terdapat penyakit lain yang bisa memperparah rhinitis alergi, misalnya sinusitis, asma, atau polip dalam rongga hidung",,Riwayat asma perlu perhatian
25,Nyeri Sinus,"Pilek atau hidung tersumbat
Lendir yang mengalir menetes ke tenggorokan (postnasal drip)
Nyeri di bagian belakang mata, hidung, pipi, atau dahi, yang bisa memburuk ketika membungkuk
Hidung beringus dengan warna kuning atau hijau
Sakit telinga
Sakit kepala
Sakit gigi
Penurunan pada fungsi indera penciuman
Batuk
Bau mulut
Demam
Tubuh terasa lelah",SEDANG,"1. Menggunakan pelembab udara (humidifier);
2. Menghirup uap dari semangkuk air hangat atau mandi dengan air hangat;
3. Menggunakan kompres hangat pada area wajah;
4. Membersihkan hidung menggunakan larutan garam yang bisa dibeli di apotek atau dengan buatan sendiri;
5. Memperbanyak minum air putih dan tidak mengonsumsi minuman beralkohol;
6. Beristirahat dan tidur yang cukup;",Resep dokter,"Bersin
Sakit tenggorokan
Sakit gigi
Rasa tidak enak di mulut
Kurang sensitif terhadap bau (hiposmia)
Kehilangan penciuman (anosmia)
Batuk kering kronis (terutama pada anak-anak)
Mudah lelah",,Hindari penggunaan dekongestan berlebihan
26,Suara Serak,"Suara serak, atau bahkan hilang sama sekali
Sakit tenggorokan
Tenggorokan kering
Batuk, bisa disertai demam
Sulit menelan atau terasa ada yang mengganjal di tenggorokan",RINGAN,"1. Minum banyak air putih dan tidak mengonsumsi minuman yang berkafein atau beralkohol;
2. Menghirup inhaler dengan kandungan mentol untuk melegakan saluran pernapasan yang terasa tidak nyaman;
3. Mengonsumsi permen mint dan berkumur dengan air garam hangat atau obat kumur khusus untuk melegakan tenggorokan;
4. Berbicara dengan suara perlahan untuk mengurangi ketegangan pada pita suara yang sedang meradang;
5. Menghindari penggunaan obat-obatan yang dapat membuat tenggorokan kering, seperti dekongestan;
Berhenti merokok dan menghindari paparan penyebab iritasi dan alergi, seperti asap rokok dan debu",,"Demam yang tidak kunjung reda
Sakit tenggorokan yang lebih parah
Sulit menelan
Batuk berdarah
Sulit bernapas
Khusus anak-anak:
Suara napas bernada tinggi yang timbul ketika menarik napas (stridor)
Ngiler atau ngeces berlebihan
Demam di atas 39ºC
Batuk berdarah
Sulit menelan
Sulit bernapas",,Hindari merokok
27,Batuk kering,"Demam
Sakit tenggorokan
Pilek
Hidung tersumbat
Bersin
Mata berair
Sulit menelan
Rasa panas di ulu hati dan dada (heartburn)
Kembung",RINGAN,"1. Minum air hangat yang dicampur madu dan lemon, tetapi jangan memberikan minuman ini kepada anak usia di bawah 2 tahun;
2. Minum air putih sesuai kebutuhan;
3. Beristirahat yang cukup;
4. Berhenti merokok;
5. Mengenakan pakaian hangat jika cuaca dingin;
6. Menggunakan alat pelembab udara, terutama jika udara kering karena dapat memperburuk iritasi pada tenggorokan","Vicks Formula 44/ Sanadryl DMP
Khusus anak: Laserin","Batuk disertai darah
Sesak napas
Nyeri dada
Mengi
Lemas
Demam dan menggigil
Kaki atau perut membengkak",,Anak <2 tahun hati-hati obat batuk
28,Batuk berdahak,"Dada terasa berat
Banyak lendir di tenggorokan
Sesak napas
Demam
Menggigil
Napas berbunyi (mengi)
Hidung berair atau meler
Lemas
Lendir hidung yang menetes ke tenggorokan",SEDANG,"1. Menggunakan pelembap udara atau humidifier agar ruangan menjadi lebih lembap sehingga batuk berkurang;
2. Mengonsumsi madu sebanyak 1–2 sendok makan, 30 menit sebelum tidur, tetapi jangan memberikan madu kepada anak di bawah usia 2 tahun;
3. Mandi dengan air hangat;
4. Memperbanyak minum air putih hangat untuk membantu mengencerkan dahak;
5. Menghindari paparan asap dan debu;
6. Menghentikan kebiasaan merokok","ambroxol, guaifenesin, maupun obat batuk berdahak alami yang mengandung bahan herbal","Sesak napas
Nyeri dada
Tubuh terasa sangat lelah
Linglung
Batuk berdarah
Berat badan menurun drastis",,
29,Sesak ringan pada asma,"Sulit bernapas
Batuk
Dada terasa sesak, nyeri, atau seperti tertekan
Mengi ",SEDANG,"1. Catat waktu dan frekuensi timbulnya serangan asma, dan kenali tanda-tanda dini serangan asma atau perburukan asma; 2. berobat ke dokter untuk membuat perencanaan tindakan yang mencakup pengobatan dan penanganan serangan asma; 3. Gunakan obat-obatan sesuai dengan yang diresepkan dokter",-,"Sesak napas berlangsung terus menerus, tidak bisa berbicara dengan jelas karena sesak napas, kesulitan ekstrim dalam bernapas, bibir & kuku menjadi kebiruan, agitasi, kebingungan, atau tidak mampu berkosentasi.",YA,Kondisi redflag segera bawa IGD
30,Napas cepat karena cemas,"Sesak napas
Menarik napas tidak terasa dalam
Dada terasa penuh atau nyeri
Jantung berdetak lebih cepat 
Tidak bisa berpikir jernih atau sulit konsentrasi
Vertigo
Keringat dingin
Lemas
Sakit kepala
Mulut kering
Perut kembung, sering sendawa, atau buang angin
Gangguan penglihatan, misalnya pandangan buram atau seperti melihat terowongan
Mati rasa atau kesemutan di sekitar mulut, tangan, atau kaki
Kram atau tegang pada otot tangan maupun kaki ",RINGAN,"1. Pegang perut, tepatnya di bawah tulang rusuk menggunakan satu tangan, dan satu tangan lain untuk memegang dada;
2. Hirup udara perlahan melalui hidung dan tahan selama beberapa detik;
3. Embuskan napas secara perlahan melalui bibir yang mengerucut (seperti meniup lilin); 
4. Tekan perut secara perlahan, seolah-olah membantu mendorong udara dari perut agar keluar;
5. Ulangi tahapan di atas setidaknya 3–10 kali atau sampai gejala mereda",Rekomendasi dokter,"Nyeri dada, yang terasa seperti diremas atau ditekan, dan memburuk ketika menarik napas dalam-dalam
Demam atau menggigil
Keluhan hiperventilasi tidak segera mereda atau malah memburuk
Perdarahan berat
Pusing berat seperti akan pingsan",,Pastikan bukan gangguan jantung
31,Sesak disertai demam tinggi,"Demam tinggi, berkeringat, atau menggigil
Sesak napas, terutama saat beraktivitas
Sakit kepala
Denyut jantung cepat
Mual atau muntah
Diare 
Nyeri dada atau nyeri perut, terlebih ketika batuk atau menarik napas dalam
Batuk kering atau batuk dengan dahak berwarna hijau
Hilang nafsu makan
Nyeri otot
Sangat lelah",BAHAYA,STOP — segera bantuan medis/ ke IGD,,⚠️ SEGERA hubungi 119 / minta seseorang antarkan ke IGD terdekat,SELALU,Lansia sangat berisiko
32,Batuk darah,Dahak bercampur darah ,BAHAYA,STOP — segera bantuan medis/ ke IGD,,⚠️ SEGERA hubungi 119 / minta seseorang antarkan ke IGD terdekat,SELALU,Perokok perlu dievaluasi
33,Bibir kebiruan,"Napas menjadi cepat
Sesak napas
Sakit kepala
Pandangan kabur
Detak jantung menjadi cepat atau menjadi lamban
Kulit, kuku, dan bibir berwarna kebiruan (sianosis) atau justru berwarna merah gelap seperti ceri
Lemas
Linglung
Hilang kesadaran
Keringat berlebih
Batuk
Sulit bicara",BAHAYA,STOP — segera bantuan medis/ ke IGD,,⚠️ SEGERA hubungi 119 / minta seseorang antarkan ke IGD terdekat,SELALU,Perlu oksigen segara
34,Hidung tersumbat,"Hidung meler atau berair
Hidung tersumbat
Bersin-bersin
Hidung terasa gatal
Mata berair atau gatal
Lendir hidung mengalir ke tenggorokan (post-nasal drip)
Penurunan indra penciuman",RINGAN,"1. Menghindari pemicu seperti debu, asap rokok, polusi udara, bulu hewan, atau udara dingin;
2. Membersihkan hidung dengan cairan saline untuk membantu mengencerkan lendir dan membersihkan alergen atau iritan;
3. Menggunakan masker saat berada di lingkungan berdebu atau berpolusi",-,"Gejala rhinitis mengganggu aktivitas sehari-hari
Gejala membuat Anda sulit tidur
Keluhan tidak membaik meskipun sudah menggunakan obat alergi",TIDAK,
35,Mimisan ringan ,pendarahan di hidung,RINGAN,"1. Posisikan tubuh dalam keadaan duduk condong ke depan serta tundukkan
kepala agar darah dari hidung dapat keluar. bernapas
dengan mulut. Jangan tengadahkan kepala atau baringkan tubuh, karena akan
membuat darah tertelan yang dapat memicu muntah;
2. Jepit cuping hidung dengan ibu jari dan jari telunjuk untuk memberikan
tekanan dan tahan selama 10 menit;
3. Setelah 10 menit, lepas tekanan. Jika belum berhenti,
ulangi kembali selama 10 menit;
4. Jika perdarahan berhenti, jangan ubah posisi. Bila gunakan cold pack
untuk membantu vasokonstriksi pada perdarahan.",-,Jika perdarahan berlangsung lebih dari 30 menit,TIDAK,
36,Sulit menelan disertai sesak,"Demam
Sakit tenggorokan
Sulit menelan
Ngorok
Suara serak
Ngeces
Sesak napas
Rewel pada anak-anak",BAHAYA,STOP — segera bantuan medis/ ke IGD,,⚠️ SEGERA hubungi 119 / minta seseorang antarkan ke IGD terdekat,SELALU,Risiko obstruksi jalan napas
37,Batuk lama lebih dari 2 minggu,"Batuk kronis, berlangsung lebih dari 2 minggu, dapat disertai dahak berdarah
Demam ringan yang naik-turun, terutama sore atau malam hari
Berkeringat di malam hari tanpa aktivitas berat
Penurunan berat badan yang drastis tanpa penyebab jelas
Nafsu makan menurun
Nyeri dada atau sesak napas jika infeksi sudah berat",BAHAYA,STOP — segera bantuan medis/ ke IGD,,⚠️ SEGERA hubungi 119 / minta seseorang antarkan ke IGD terdekat,SELALU,Riwayat kontak diperhatikan
38,Mendekur disertai henti napas,"Mengorok dengan keras
Berhenti bernapas selama beberapa kali ketika sedang tidur
Tersengal-sengal berusaha mengambil napas atau sesak napas saat sedang tidur
Terbangun dari tidur akibat merasa tercekik atau batuk-batuk pada malam hari
Sulit tidur",SEDANG,Konsultasi ke dokter,,Henti napas lama saat tidur,YA,Risiko obesitas
39,Tersedak disertai sesak,"esak napas secara tiba-tiba yang disertai batuk, tersedak, atau stridor",BAHAYA,STOP — segera bantuan medis/ ke IGD,,⚠️ SEGERA hubungi 119 / minta seseorang antarkan ke IGD terdekat,SELALU,Sering terjadi pada anak dan lansia
40,Alergi debu,Hidung gatal dan bersin,RINGAN,Hindari pemicu,,Sesak berat,TIDAK,
41,Diare Akut (akibat virus),Mual mendadak; muntah 3–5x/hari; diare cair tanpa darah; demam ringan; nyeri perut; gejala terjadi selama 24-72 jam,SEDANG,"1. Mengembalikan cairan dalam tubuh dengan membuat larutan khusus seperti oralit sachet atau membuat oralit darurat (campuran gula dan garam); 2. Diet BRAT dengan pola makan sementara yang terdiri dari Banana (pisang), Rice (nasi putih), Applesauce (saus apel), dan Toast (roti panggang); 3.Hindari makanan pedas, berlemak, bersantan, dan produk susu sementara waktu; 4. Istirahat yang cukup","Oralit (dilarutkan 1 sachet oralit dalam 200 mL air dan diminum perlahan tapi sering sampai habis sesuai dosis yang dianjurkan); Zinc (20 mg 1x/hari) harus diberikan selama 10 hari berturut-turut tanpa terputus, meskipun diare sudah berhenti","Jika tidak membaik >3 hari , dehidrasi, terdapat darah pada tinja → rujuk ke dokter",YA,"Jika saat menggunakan oralit terjadi mual muntah dapat  hentikan konsumsi larutan tersebut selama 10 menit, kemudian coba minum kembali dalam jumlah yang lebih sedikit tetapi sering."
42,Diare Akut (akibat bakteri),Muntah hebat setelah makan; muntah 3-5x/hari; diare cair atau berlendir; kram perut; demam; gejala terjadi selama 1-7 hari,BAHAYA,"1. Mengembalikan cairan dalam tubuh dengan membuat larutan khusus seperti oralit sachet atau membuat oralit darurat (campuran gula dan garam); 2. Hindari makanan pedas, berlemak, bersantan, dan produk susu sementara waktu; 3. Cuci tangan dengan sabun dan air mengalir setelah dari toilet dan sebelum makan untuk mencegah penularan ke orang lain",Oralit (dilarutkan 1 sachet oralit dalam 200 mL air dan diminum perlahan tapi sering sampai habis sesuai dosis yang dianjurkan); Paracetamol 500 mg (3x/hari pada saat demam) pada dewasa; Parasetamol 250 mg (3x/hari pada saat demam) pada anak-anak usia 6-7 tahun,Jika gejala tidak membaik >3 hari → segera rujuk ke dokter,SELALU,"Jika saat menggunakan oralit terjadi mual muntah dapat  hentikan konsumsi larutan tersebut selama 10 menit, kemudian coba minum kembali dalam jumlah yang lebih sedikit tetapi sering."
43,Diare Akut,Kram/sakit perut; Keleahan menyeluruh; Demam; BAB dengan feses disertai darah/lendir; Keinginan BAB terus menerus; Berat badan menurun,BAHAYA,STOP — segera bantuan medis/ ke IGD,-,⚠️ SEGERA ke IGD,SELALU,Risiko mengidap penyakit Peradangan usus besar (Inflammatory Bowel Disease/IBD)
44,GERD,"Heartburn (nyeri atau rasa panas terbakar) pada perut bagian atas, perut, atau dada",SEDANG,"1. Melakukan modifikasi gaya hidup; 2. Perubahan diet; 3. Hindari jenis minuman yang memperparah keadaan seperti minuman beralkohol, berkarbonasi (soda), kafein; 4. Hindari jenis makanan berlemak, berminyak, atau pedas",Antasida (Dewasa dan anak 6-12 tahun 3x/hari 1 tablet dikunyah diberikan 1-2 jam setelah makan dan sebelum tidur; atau Famotidin (Dewasa 20 mg 2x/hari diminum bersama atau tanpa makan); atau Omperazole (perlu resep dokter),"Jika terjadi efek samping yang berlebih dan berbahaya, harap konsultasikan kepada tenaga medis",YA,"Ibu hamil perlu konsultasi ke dokter sebelum menggunakan obat-obat ini; Pasien yang sedang menjalani diet rendah fosfor, pasien hemodialisis, dan gangguan fungsi ginjal serta anak <6 tahun jangan gunakan obat >2 minggu)"
45,Sembelit,BAB keras atau jarang (<3x/minggu); Mengejan saat BAB; Perut terasa penuh/kembung; Rasa tidak tuntas setelah BAB,RINGAN,"1. Konsumsi tinggi serat (roti gandum utuh, kacang kedelai, tempe, brokoli, buncis, oyong, kacang panjang, jeruk, nanas, mangga, pisang, pepaya, apel, anggur, pir); 2. Konsumsi makanan dalam porsi kecil dengan frekuensi sering; 3. Cukup air putih dan elektrolit (minimal 2 L); 4. Rutin berolahraga; 5. Tidak menunda BAB",Laksatif ringan seperti Laxadine sirup sesuai aturan pakai atau Dulcolax tablet 5 mg diminum malam hari bila perlu,"Nyeri perut hebat, muntah, BAB berdarah, tidak BAB >7 hari, perut sangat kembung, demam tinggi → segera ke dokter/IGD",YA,"Lansia, ibu hamil, anak, atau pasien dengan riwayat sumbatan usus perlu konsultasi sebelum penggunaan laksatif"
46,Luka lambung,Nyeri ulu hati terutama saat lapar; Mual; Kembung; Rasa cepat kenyang; Nyeri membaik/memburuk setelah makan,RINGAN,"1. Hindari makanan pedas, asam, kopi, alkohol; 2. Makan porsi kecil tetapi sering; 3. Hindari penggunaan NSAID (seperti obat Ibuorofen, Diclofenac, Asam Mefenamat, Aspirin, Naproxen, dll) tanpa pengawasan",Antasida (Dewasa dan anak 6-12 tahun 3x/hari 1 tablet dikunyah diberikan 1-2 jam setelah makan dan sebelum tidur; atau Famotidin (Dewasa 20 mg 2x/hari diminum bersama atau tanpa makan); atau Omperazole (perlu resep dokter),"Muntah darah, BAB hitam, nyeri perut berat, penurunan berat badan drastis, sulit menelan → segera ke IGD",YA,Jika memiliki riwayat tukak lambung kronis atau penggunaan obat antiinflamasi jangka panjang perlu evaluasi dokter
47,Wasir (Ambeien),Terjadi perdarahan sedikit dengan darah tidak bercampur dengan feses pada saat sulit buang air besar (BAB),SEDANG,1. Menggunakan kompres dingin; 2. Merendam bokong dengan air hangat; 3. Mengonsumsi makanan tinggi serat; 4. Menggunakan obat pereda nyeri,Parasetamol (500 mg 3x/hari digunakan hanya pada saat nyeri); Salep wasir yang diresepkan dokter,Nyeri anal parah dan gejala tidak membaik selama pengobatan mandiri segera ke IGD,TIDAK,-
48,Wasir (Ambeien),Terjadi perdarahan hebat selama >2 hari,BAHAYA,STOP — segera bantuan medis/ ke IGD,-,⚠️ SEGERA ke IGD,SELALU,Risiko mengalami anemia
49,Wasir (Ambeien),Rasa nyeri berat dan berkepanjangan walaupun sudah selesai buang air besar (BAB),BAHAYA,STOP — segera bantuan medis/ ke IGD,-,⚠️ SEGERA ke IGD,SELALU,Risiko mengidap Hemoroid testrannulasi
50,Wasir (Ambeien),Rasa gatal dan nyeri pada anus (dubur); Nyeri hebat pada anus selama BAB (buang air besar); Nyeri reda saat tidak buang air besar,SEDANG,1. Meningkatkan asupan serat (sayur/buah); 2. Banyak minum air putih; 3. Mandi air hangat,Dulcolax gel (Obat gel dimasukkan ke dalam anus pada ujung runcing sedalam 1 ruas jari dan tetap berbaring selama 15 menit; Salep pereda nyeri yang diresepkan dokter,Nyeri anal parah dan gejala tidak membaik selama pengobatan mandiri,TIDAK,-
51,Diare,Perut bagian bawah nyeri dan kembung; muncul sembelit bergantian dengan diare,BAHAYA,STOP — segera bantuan medis/ ke IGD,-,⚠️ SEGERA ke IGD,SELALU,Risiko mengidap penyakit Sindrom Iritasi Usus Besar (Irritable Bowel Syndrome/IBS)
52,Diare,"Dalam penggunaan obat dengan antasida atau mengandung magnesium, obat antibiotik atau obat hipertensi",SEDANG,STOP — segera bantuan medis/ ke IGD,-,⚠️ SEGERA ke IGD,TIDAK,-
53,Intoleransi laktosa,Kram perut terjadi setelah mengonsumsi susu sapi atau produk dari sapi lainnya; Perut kembung; Produksi gas berlebih,RINGAN,1. Dibatasi konsumsi susu sapi dan produk olahannya,Menggunakan produk bebas laktosa; mengonsumsi probiotik; suplemen tambahan kalsium dan Vitamin D (1x/hari setelah makan),Tidak ada red flag,YA,"Gejala berlangsung selama >3 hari, mual muntah hebat atau demam, dakit perut hebat, dan ibu hamil perlu dirujuk ke dokter."
54,Gangguan Pencernaan,Nyeri atau rasa panas terbakar pada perut bagian atas atau dada; disertai cemas; nyeri punggung; keringat bercucuran; nyeri pada rahang,BAHAYA,STOP — segera bantuan medis/ ke IGD,-,⚠️ SEGERA ke IGD,SELALU,Risiko mengalami serangan jantung
55,Gangguan Pencernaan,BAB dengan feses yang disertai darah; Berat badan menurun secara tiba-tiba; Muntah disertai darah,BAHAYA,STOP — segera bantuan medis/ ke IGD,-,⚠️ SEGERA ke IGD,SELALU,Risiko mengalami kanker lambung
56,Gangguan Pencernaan,Nyeri perut; mual; kembung; perut terasa penuh (kenyang),RINGAN,"1. Ubah kebiasaan makan; 2. Hindari jenis minuman yang memperparah keadaan seperti minuman beralkohol, berkarbonasi (soda), kafein; 3. Hindari jenis makanan berlemak, berminyak, atau pedas","Antasida suspensi (Dewasa dan anak usia ≥12 tahun: 10–20 ml, 4 kali sehari, setiap 20–60 menit setelah makan dan sebelum tidur); Antasida tablet (Dewasa dan anak usia ≥12 tahun: 2–4 tablet, 4 kali sehari. Dosis maksimal 16 tablet sehari)",Tidak ada red flag,YA,"Nyeri perut terjadi terus menerus, sulit menelan, lemas perlu dirujuk ke dokter"
57,Sakit Kepala,Nyeri kepala ringan; Terasa tegang atau berdenyut ringan,RINGAN,1. Istirahat cukup; 2. Minum air putih cukup; 3. Kurangi stres dan kurang tidur,Paracetamol 500 mg 3–4x/hari bila nyeri,Tidak ada red flag,YA,"Hati-hati penggunaan parasetamol pada penderita penyakit ginjal;
Bila setelah 2 hari demam tidak menurun atau setelah 5 hari nyeri tidak menghilang, segera hubungi dokter;
Penggunaan bersamaan dengan obat lain yang juga mengandung Paracetamol dilarang;
Penggunaan pada penderita yang mengonsumsi alkohol dapat meningkatkan risiko kerusakan fungsi hati;
Jangan melebihi dosis yang dianjurkan"
,Sakit Kepala,Nyeri kepala sedang hingga mengganggu aktivitas; Dapat disertai mual ringan atau sensitif cahaya,SEDANG,1. Istirahat di ruangan tenang; 2. Hindari paparan cahaya/suara berlebih; 3. Konsumsi cairan cukup,Paracetamol 500 mg 3–4x/hari,Nyeri tidak membaik >3 hari atau semakin berat → konsultasi dokter,YA,Pasien hipertensi atau riwayat migrain berat perlu evaluasi lebih lanjut bila keluhan sering kambuh
,Sakit Kepala,Nyeri kepala sangat hebat mendadak; Disertai kelemahan anggota tubuh; Kejang; Penurunan kesadaran; Muntah hebat atau gangguan bicara/penglihatan,BAHAYA,STOP — segera bantuan medis/ ke IGD,-,⚠️ SEGERA ke IGD,SELALU,"Risiko stroke, perdarahan otak, atau meningitis"
,Nyeri Sendi,Nyeri pada sendi saat bergerak; Pegal; Kaku ringan terutama setelah aktivitas,RINGAN,1. Istirahatkan sendi; 2. Kompres hangat/dingin; 3. Hindari aktivitas berat sementara,Paracetamol 500 mg 3–4x/hari; Gel anti nyeri Counterpain Cool (oles 2x/hari),"Bengkak berat, kemerahan luas, atau nyeri tidak membaik → konsultasi dokter",YA,Lansia dan pasien asam urat/rheumatoid arthritis perlu pemantauan lebih lanjut
58,Alergi,Ruam kemerahan dan gatal pada tubuh; dapat disertai dengan bersin dan hidung tersumbat; dapat disertai dengan gangguan pencernaan (misal mual dan muntah); Kesulitan bernapas dan terasa sesak pada dada,BAHAYA,STOP — segera bantuan medis/ ke IGD,-,⚠️ SEGERA ke IGD,SELALU,Risiko mengalami anafilaksis
59,Alergi,"Ruam kemerahan dan gatal hanya melibatkan kulit saja; Telah mengalami kontak dengan zat-zat iritan seperti cat rambut, nikel (pada perhiasan), plester, parfum, atau tanaman/ tumbuhan",RINGAN,1. Hindari pemicu alergi; 2. Gunakan pakaian bersih; 3. Jaga kebersihan lingkungan,Cetirizine 10 mg 1x/hari; Calamine lotion bila gatal,Ruam meluas atau muncul sesak napas → segera ke dokter,YA,Perhatikan riwayat alergi obat atau makanan tertentu
60,Alergi,Ruam kemerahan dan gatal pada tubuh; dapat disertai dengan bersin dan hidung tersumbat; dapat disertai dengan mual ringan,SEDANG,1. Hindari pemicu alergi seperti debu atau makanan; 2. Istirahat dan minum air cukup,"Cetirizine dengan dosis Dewasa dan anak usia >6 tahun: 5–10 mg, per hari.",Bengkak wajah memberat atau sesak napas → segera ke IGD,YA,Pasien dengan riwayat asma lebih berisiko mengalami reaksi berat; Ibu hamil perlu konsultasi ke dokter
61,Diare,BAB cair 3-5x/hari; mendadak; tidak dehidrasi; berlangsung kurang dari 14 hari; tidak dehidrasi berat,RINGAN,"1. Minum oralit atau larutan gula-garam; 2. Konsumsi air kelapa; 3. Hindari produk susu, susu, daging berserat kasar, makanan berlemak, dan makanan yang menimbulkan gas sementara waktu; 4. Cuci tangan dengan sabun; 5. Hindari makanan berserat tinggi",Oralit sediaan jadi 1 bungkus atau larutan gula garam sendiri sebanyak 300-400 mL untuk dewasa setiap habis BAB cair; Probiotik (yoghurt);  Konsumsi Zink 10 mg 1x/hari untuk anak 2–5 bulan selama 10-14 hari bersamaan dengan oralit; Konsumsi Zink 20 mg 1x/hari untuk anak usia ≥6 bulan selama 10-14 hari bersamaan dengan oralit,"Diare lebih dari >3 hari (dewasa) atau >2 hari (lansia) atau 24 jam (anak-anak); diare yang disertai muntah-muntah atau demam; ada darah dalam tinja; tanda dehidrasi berat (pusing, lemas ekstrem) ",YA,Anak <5 tahun wajib oralit + zinc
62,Diare,BAB bercampur darah; nyeri saat BAB; lendir dalam tinja; kram perut; demam,SEDANG,1. Segera ke dokter; 2. Minum oralit untuk mencegah dehidrasi; 3. Cuci tangan dengan sabun; 4. Konsumsi makanan dalam porsi sedikit tetapi sering; 5. Hindari makanan berserat tinggi,Oralit; Antibiotik hanya jika diarahkan oleh dokter,"Jika ada tanda dehidrasi berat (tidak kencing, mata cekung, lesu/ lunglai, pusing)",YA,"Anak perlu cukup minum, terutama saat demam. Infus diberikan bila terjadi dehidrasi berat atau anak sulit makan dan minum. Jika asupan masih cukup, infus tidak diperlukan."
63,Mimisan,Mimisan biasa; berhenti <10 menit; tidak ada riwayat trauma; tidak ada obat pengencer darah,RINGAN,1. Duduk condong sedikit ke depan; 2. Cubit hidung (bagian lunak) 10-15 menit; 3. Jangan mendongak; 4. Kompres dingin di hidung,,Jika tidak berhenti 20 menit atau darah sangat deras → ke IGD,YA,Jangan mendongak — darah masuk ke tenggorokan bisa menyebabkan mual
64,Nyeri Haid,kram atau sakit di perut bagian bawah 1-2 hari sebelum haid; mual; muntah; lemah; lesu; haid teratur; tidak demam,RINGAN,"1. Kompres perut dengan handuk hangat; 2. Rutin berolahraga; 3. Hindari minuman bersoda, berkafein, dan beralkohol; 4. Hindari mengonsumsi makanan yang tinggi lemak, garam dan gula; 5. Istirahat cukup; 6. Mengelola stress","Feminax 1–2 tablet hingga 3 kali sehari, sebelum atau sesudah makan; Proris triple action 1–2 tablet, 3–4 kali sehari dan harus diminum setelah makan; Sanmol sebelum atau sesudah makan, 1–2 tablet, 3–4 kali sehari",Tidak ada red flag,TIDAK,
65,Nyeri Haid,Nyeri muncul beberapa hari sebelum menstruasi dan terasa lebih berat serta lebih lama saat haid berlangsung; haid tidak teratur; kram masih terjadi meskipun haid sudah selesai; demam,SEDANG,1. Segera ke dokter kandungan; 2. Kompres hangat,-,⚠️ Curiga Endometriosis atau Kista. Jangan abaikan nyeri haid yang tidak wajar,YA,"Dapat disebabkan oleh endometriosis, fibroid, adenomiosis, atau infeksi panggul"
66,Tekanan Darah Tinggi,TD 120-139/80-89 mmHg; tidak ada gejala,RINGAN,1. Konsumsi garam < 5 gram/ hari; 2. Olahraga 30–60 menit minimal 3 kali /minggu; 3. Hindari rokok dan alkohol; 4. Pantau tekanan darah berkala,-,Tekanan darah terus meningkat atau muncul keluhan → periksa ke dokter,YA,Termasuk pre-hipertensi atau berisiko hipertensi
67,Tekanan Darah Tinggi,TD 140-159/90-99 mmHg; pusing; mudah lelah; jantung berdebar; penglihatan kabur; sulit berkonsentrasi; gelisah; nyeri tengkuk,SEDANG,"1. Diet DASH (Dietary Approaches to Stop Hypertension) konsumsi makanan rendah lemak jenuh, kolesterol, dan lemak total, serta meningkatkan konsumsi buah dan sayur dengan jumlah porsi 4-5 porsi/hari, kacang-kacangan; 2. Konsumsi garam < 5 gram/ hari; 3. Olahraga 30–60 menit minimal 3 kali /minggu; 4. Hindari rokok dan alkohol; 5. Pantau tekanan darah rutin ",Kaptopril (25–100 mg) 2-3x sehari (harus dengan resep dokter); Lisinopril (10-40 mg) 1x sehari (harus dengan resep dokter),Keluhan semakin berat atau tekanan darah meningkat → segera periksa,YA,Perlu pemantauan rutin tekanan darah
68,Tekanan Darah Tinggi,TD >160/>100 mmHg; nyeri dada; perubahan penglihatan mendadak; kebingungan; mati rasa; sakit kepala mendadak dan parah; kesulitan bernapas,BAHAYA,STOP — segera bantuan medis/ ke IGD,-,⚠️ SEGERA ke IGD ,SELALU,"Risiko krisis hipertensi, stroke, atau serangan jantung"
69,Gula Darah Tinggi/ Diabetes,Kadar gula darah sewaktu 140-199 mg/dL; kadar gula darah puasa 100-125 mg/dL; rasa haus; sering buang air kecil; kelelahan; kesemutan di kaki atau tangan,SEDANG,1. Batasi makanan/minuman dengan karbohidrat sederhana dan tinggi gula; 2. Konsumsi buah-buahan dan sayur-sayuran; 3. Atur pola dan porsi makan; 4. Olahraga ringan setidaknya 150 menit/ minggu; 5. Cukup minum air; 6. Pemeriksaan gula darah berkala; 7. Konsultasi ke dokter untuk diagnosis resmi ,Konsultasi dokter — tidak minum metformin atau obat DM tanpa resep,Keluhan semakin berat atau gula darah meningkat → segera periksa,YA,Termasuk pre-diabetes atau berisiko diabetes
70,Gula Darah Tinggi/ Diabetes,Kadar gula darah sewaktu ≥200 mg/dL; kadar gula darah puasa ≥126 mg/dL; rasa haus meningkat; sering buang air kecil; penurunan berat badan; lelah dan lemah; penglihatan kabur; luka sulit sembuh,SEDANG,1. Segera konsultasi ke dokter untuk diagnosis resmi; 2. Batasi makanan/minuman dengan karbohidrat sederhana dan tinggi gula; 3. Rutin monitor gula darah,Konsultasi dokter — tidak minum metformin atau obat DM tanpa resep,Jika gula darah terus meningkat atau disertai mual/ muntah → segera periksa,SELALU,"Tanda diabetes dapat berkembang menjadi komplikasi apabila tidak ditangani dengan tepat (gangguan jantung, gagal ginjal, kerusakan retina, luka kaki diabetes berat)"
71,Asam Urat Tinggi,kadar asam urat laki-laki >7 mg/dL atau kadar asam urat wanita >6 mg/dL; rasa sakit pada persendian; pembengkakan,RINGAN,1. Istirahatkan sendi; 2. Kompres dingin 20 mnt tiap 4 jam; 3. Minum air putih banyak (3L/hari); 4. Hindari jeroan,"Colchicine (jika ada resep dokter) 0,5–0,6 mg, 1−2 kali sehari untuk serangan akut",⚠️ Jika nyeri sangat hebat → ke dokter,YA,"Colchicine dapat terserap ke dalam ASI. Bila sedang menyusui, jangan menggunakan obat ini tanpa persetujuan dokter."
72,Kolesterol Tinggi,kolesterol LDL lebih besar dari 190 mg/dL; umumnya tanpa gejala,RINGAN,"1. Kurangi makanan tinggi lemak jenuh (jeroan, makanan bersantan) dan gorengan; 2. rutin olahraga; 3. Kurangi konsumsi alkohol dan berhenti merokok; 4. cek kolesterol berkala; 5. Konsumsi sayur dan buah-buahan",Konsultasi dokter — obat statin hanya jika faktor risiko tinggi atau kolesterol >240 mg/dL,Jika disertai nyeri dada → segera ke dokter (risiko kardiovaskular),TIDAK,
73,Mual Muntah Ibu Hamil,Mual pagi hari trimester 1 dengan atau tanpa muntah; tidak bisa makan banyak; pusing; lemas saat berjalan ,RINGAN,"1. Hindari makanan dengan bau tajam, lemak tinggi, dan makanan pedas; 2. Makan dalam porsi sedikit tapi sering; 3. Hindari bau menyengat; 4. Minum teh jahe hangat; 5. Minum air yang cukup terutama jika muntah-muntah",Vitamin B6 25mg 3x/hari (harus sesuai anjuran dokter),"Jika mual-mual sepanjang waktu dan diiringi muntah, dehidrasi, penurunan berat badan hingga 5% → segera ke dokter/IGD indikasi Hyperemesis Gravidarum",SELALU,Konsultasi SEMUA obat yang dikonsumsi ibu hamil dengan dokter kandungan
74,Dehidrasi,Haus; urin kuning gelap atau pekat; sedikit sering pusing; jarang buang air kecil; bibir kering; demam ,RINGAN,1. Minum air putih setidaknya 8 gelas atau 2 liter setiap hari untuk orang dewasa; 2. Konsumsi sayur dan buah; 3. Istirahat di tempat sejuk; 4. Cukup minum saat berolahraga terlebih saat cuaca panas; 5. Konsumsi oralit,-,"Jika muntah, diare tidak berhenti lebih dari 24 jam, feses berwarna hitam pekat atau berdarah, mudah mengantuk ",YA,"Bayi di bawah 6 bulan mengonsumsi ASI lebih sering, konsumsi susu formula tanpa kandungan laktosa sampai diare berhenti sepenuhnya"
75,Dehidrasi,urine sangat gelap; tidak bisa buang air kecil sama sekali; merasa sangat kehausan; jantung berdebar tak beraturan; penurunan tekanan darah; mata cekung; penurunan kesadaran; kulit tidak elastis; sakit kepala,BAHAYA,"STOP — Segera ke dokter, butuh penanganan pertama dengan memberikan cairan maupun obat melalui infus ",-,⚠️ SEGERA ke dokter,SELALU,Bayi & lansia: dehidrasi berat sangat cepat memburuk
76,Kurang Nafsu Makan,Nafsu makan menurun 3-7 hari; tidak demam; tidak turun BB signifikan; stres atau tidak enak badan,RINGAN,1. Makan sedikit tapi sering (5-6x/hari); 2. Pilih makanan favorit dan bergizi untuk meningkatkan keinginan makan; 3. Konsumsi makanan bentuk cairan; 4. Kurangi stress,Curcuma (vitamin penambah nafsu makan) 1 sdm 3x/ hari untuk dewasa (tidak gunakan terlalu lama atau lebih banyak dari yang disarankan); vitamin B1; vitamin B12; Curvit ,Jika nafsu makan hilang >2 minggu atau BB turun >5% → ke dokter,YA,Konsultasi SEMUA obat yang dikonsumsi ibu hamil dan ibu menyusui dengan dokter.
77,Luka,Luka lecet/gores ringan; tidak dalam; tidak berdenyut; tidak ada kotoran tanah,RINGAN,1. Cuci luka dengan air bersih mengalir 5 menit; 2. Bersihkan dengan antiseptik; 3. Tutup dengan plester/perban; 4. Ganti perban tiap hari,NaCl 0.9% untuk cuci luka; Betadine solution (povidone iodine); Plester Hansaplast,"Muncul tanda infeksi (bernanah, kemerahan meluas, bengkak, nyeri, atau demam)",TIDAK,
78,Luka ,luka dalam atau lebar; terkena benda berkarat/kotor; perdarahan tidak berhenti; luka gigitan hewan,BAHAYA,STOP — Segera ke IGD atau klinik,-,"⚠️ Jika disebabkan oleh gigitan hewan atau benda kotor/ berkarat, kemungkinan perlu jahitan dan/atau vaksin tetanus/rabies. JANGAN hanya diobati sendiri di rumah.",SELALU,Gigitan hewan: cuci 15 menit + segera ke fasilitas kesehatan kemungkinan perlu vaksin rabies/ tetanus segera
79,Sulit Tidur/ Insomnia,sulit tidur 2-3 hari; sering terbangun di malam hari dan sulit untuk tidur kembali; bangun terlalu awal pada pagi hari; sulit berkonsentrasi; tetap merasa lelah saat bangun; stress,RINGAN,1. Atur jadwal tidur-bangun pada jam yang sama setiap harinya; 2. Tidak melakukan aktivitas fisik atau olahraga berat dekat dengan waktu tidur; 3. Membatasi konsumsi minuman berkafein atau beralkohol pada sore atau malam hari; 4. Tidak makan berat atau minum banyak air menjelang waktu tidur; 5. Pencahayaan kamar tidur redup dan suhu nyaman; 6. Teknik relaksasi,Suplemen Melatonin 3-5 mg 1x/ hari sebelum tidur untuk dewasa atau baca petunjuk pada kemasan; teh chamomile/lavender; Vitamin B6,Jika insomnia >3 bulan dan mengganggu aktivitas sehari-ari atau tidak membaik setelah mengubah kebiasaan tidur → konsultasi dokter,TIDAK,
80,Stress,Gelisah; jantung berdebar; susah konsentrasi; penurunan berat badan atau sebaliknya; pusing; mual; diare; gangguan tidur; perubahan pola makan,RINGAN,"1. Konsumsi makanan yang sehhat, bergizi lengkap, dan seimbang; 2. Olahraga ringan 30 mnt/hari; 3. Batasi membaca berita negatif; 4. Cukupkan tidur; 5. Bersosialisasi dengan orang yang menyenangkan dan memberikan dampak positif; 6. Meditasi atau teknik relaksasi",Teh chamomile,Jika kecemasan dalam waktu lama sampai mengganggu pekerjaan/kehidupan sosial > 2 minggu → konsultasi ke psikolog/psikiater,TIDAK,
81,Karang Gigi / Gigi kuning,Tampak lapisan kekuningan atau kecoklatan pada gigi; bau mulut ringan; tidak ada nyeri; gusi kadang terasa gatal,RINGAN,"1. Sikat gigi 2x/hari dengan teknik yang benar; 2. Gunakan pasta gigi whitening atau antitartar; 3. Batasi kopi, teh, dan rokok; 4. Rencanakan scaling di dokter gigi setiap 6 bulan",Pasta gigi antitartar (misal Colgate Total/Pepsodent Expert Protection); Obat kumur antibakteri; Dental floss 1x/hari,"Jika gusi sudah turun (akar gigi terlihat) atau gigi goyang → SEDANG, rujuk drg untuk perawatan periodontal",YA,Perokok: scaling lebih sering (3-4 bulan sekali); Pengguna kawat gigi: perlu pembersihan lebih teliti
82,Gigi Goyang,Gigi goyang ringan pada orang dewasa; tanpa nyeri hebat; tanpa bengkak; gusi tampak turun,SEDANG,1. Hindari menggigit makanan keras pada gigi tersebut; 2. Sikat gigi dengan lembut; 3. Periksakan ke dokter gigi dalam 3-5 hari,"Obat kumur Chlorhexidine 0,12% (2x/hari, max 2 minggu) untuk kontrol bakteri","Jika gigi goyang parah (bisa digerakkan dengan jari), disertai nanah atau demam → BAHAYA",YA,Anak: gigi susu goyang pada usia 6-12 th adalah NORMAL; Lansia: goyang gigi dewasa sering tanda penyakit periodontal lanjut
83,Gigi Goyang,"Gigi dewasa goyang parah (hampir lepas); disertai nanah, bengkak, atau demam; atau gigi goyang setelah trauma/benturan kepala",BAHAYA,STOP — Jangan rekomendasikan apapun,-,"⚠️ SEGERA ke dokter gigi atau IGD — jika akibat trauma kepala, waspadai cedera kepala yang menyertai",SELALU,"Anak: gigi permanen yang goyang akibat trauma → darurat gigi, segera ke drg dalam <1 jam"
84,Gigi Patah / Retak,Ujung gigi patah kecil; tepi tajam menggores lidah/pipi; tidak ada nyeri; tidak ada perdarahan,RINGAN,1. Jangan menjilat atau menekan area tajam dengan lidah; 2. Simpan serpihan gigi jika ada; 3. Kunjungi dokter gigi dalam 2-3 hari untuk perapian dan restorasi,Malam gigi sementara (dental wax) jika tersedia untuk menutup tepi tajam sementara; Paracetamol 500mg jika ada ketidaknyamanan,Jika muncul nyeri berdenyut atau sensitivitas hebat → SEDANG,YA,-
85,Gigi Patah / Retak,Gigi patah besar hingga mendekati atau mencapai gusi; nyeri sedang-berat; gigi sensitif; mungkin ada perdarahan ringan,SEDANG,1. Bilas mulut dengan air dingin bersih; 2. Tekan perdarahan ringan dengan kain bersih; 3. Simpan serpihan gigi dalam susu/air liur; 4. Ke dokter gigi HARI INI atau paling lambat besok,Paracetamol 500mg (max 3x/hari); kompres dingin pipi luar untuk mengurangi bengkak,Jika perdarahan tidak berhenti >15 mnt atau nyeri sangat hebat → BAHAYA,YA,-
86,"Gigi Lepas / Tanggal (Karena terbentur, jatuh, kecelakaan)",Gigi permanen dewasa/anak besar lepas seluruhnya akibat benturan; tidak lebih dari 1 jam,BAHAYA,"STOP — Ini DARURAT GIGI, jangan rekomendasikan obat; Instruksi darurat: 1. Pegang gigi di bagian mahkota (bukan akar); 2. Bilas gigi dengan air mengalir bersih 10 detik (JANGAN DISIKAT) ; 3. Simpan dalam susu segar / air liur pasien / larutan garam / air kelapa; 4. Segera ke dokter gigi dalam <30-60 menit",-,⚠️ Gigi dapat ditanam kembali (replantasi) jika ditangani dalam 30-60 menit — JANGAN TUNDA; Jangan simpan gigi dalam air keran atau dibungkus tisu kering,SELALU,"Anak: gigi SUSU yang lepas TIDAK ditanam kembali — cukup ke drg untuk evaluasi; Gigi PERMANEN anak → darurat, prognosis baik jika cepat"
87,Bau Mulut,Bau mulut tidak sedap; lebih buruk saat pagi hari; membaik setelah sikat gigi; tidak ada keluhan lain,RINGAN,"1. Sikat gigi 2x/hari + sikat lidah; 2. Gunakan dental floss atau benang gigi setiap malam; 3. Minum air putih cukup (min 8 gelas/hari); 4. Hindari kopi, bawang, dan rokok; 5. Periksa gigi rutin setiap 6 bulan",Obat kumur antibakteri (Listerine/Betadine Gargle 2x/hari); Sikat lidah; Permen karet xylitol (bukan gula) jika mulut kering,"Jika bau mulut persisten >2 minggu meski kebersihan mulut baik → kemungkinan masalah sistemik (GERD, sinusitis, diabetes) → rujuk dokter umum",YA,Penderita diabetes: bau mulut mirip aseton bisa tanda hiperglikemia → periksa gula darah
88,Rahang Bunyi / Klik saat Buka Mulut,Terdengar bunyi 'klik' atau 'pop' saat membuka/menutup mulut; tanpa nyeri atau nyeri ringan; terjadi satu sisi,RINGAN,"1. Hindari membuka mulut terlalu lebar (menguap berlebih, gigit makanan besar); 2. Hindari makanan keras dan kenyal (daging alot, permen karet); 3. Kompres hangat area rahang 15 mnt/hari; 4. Kurangi stres","Ibuprofen 400mg setelah makan jika ada nyeri (max 3x/hari, max 3 hari); Paracetamol 500mg sebagai alternatif","Jika mulut mendadak tidak bisa dibuka/ditutup penuh (terkunci), disertai nyeri hebat → BAHAYA",YA,Bruxism (menggerus gigi saat tidur) adalah penyebab umum — tanyakan pasien apakah sering sakit kepala pagi hari
89,Rahang Bunyi / Klik saat Buka Mulut,Mulut mendadak terkunci tidak bisa dibuka atau tidak bisa ditutup; disertai nyeri hebat; riwayat trauma rahang,BAHAYA,STOP — Jangan rekomendasikan apapun,-,⚠️ SEGERA ke IGD atau dokter gigi / spesialis bedah mulut — kemungkinan dislokasi sendi temporomandibular (TMJ) yang memerlukan reposisi manual,SELALU,-
90,Mulut Kering,Mulut terasa kering; air liur sedikit; sering haus; bau mulut; kesulitan menelan makanan kering; tidak ada obat-obatan baru,RINGAN,"1. Minum air putih sedikit tapi sering (setiap 30 menit); 2. Hindari kafein, alkohol, dan rokok; 3. Gunakan humidifier di kamar tidur; 4. Kunyah permen karet xylitol untuk stimulasi air liur",Permen karet xylitol (tanpa gula); Semprotan air liur buatan (Artificial Saliva spray) jika tersedia; Hindari obat kumur beralkohol,"Jika mulut kering disertai mata kering, nyeri sendi, dan kelelahan → kemungkinan Sjögren's Syndrome → rujuk dokter",YA,"Lansia: mulut kering sering efek samping obat (antihistamin, diuretik, antidepresan) — review daftar obat bersama dokter; Penderita diabetes: mulut kering bisa tanda gula tidak terkontrol"
91,Luka / Benjolan di Mulut,Luka atau benjolan kecil (<1 cm) di bibir/pipi/lidah; tidak nyeri; muncul tiba-tiba; warna merah muda/putih; tidak berdarah,SEDANG,1. Jangan ditekan atau digaruk; 2. Catat sudah berapa lama muncul; 3. Periksakan ke dokter gigi dalam 1 minggu jika tidak hilang sendiri,"Hindari makanan panas, pedas, asam; Obat kumur garam hangat 3x/hari sebagai kebersihan","Jika benjolan tidak hilang >2 minggu, membesar, tidak nyeri sama sekali, tepi tidak rata/keras, atau berdarah spontan → BAHAYA (waspadai kanker mulut)",YA,Perokok & peminum alkohol: risiko kanker mulut lebih tinggi — semua luka >2 minggu WAJIB diperiksa drg
92,Luka / Benjolan di Mulut,"Benjolan keras, tidak nyeri, tidak sembuh >2 minggu, tepi tidak teratur, berwarna putih/merah/campuran, di lidah/dasar mulut/bibir/pipi; atau tukak tidak sembuh >3 minggu",BAHAYA,STOP — Jangan rekomendasikan apapun,-,"⚠️ SEGERA rujuk ke dokter gigi atau dokter THT — indikasi kuat leukoplakia, eritroplakia, atau karsinoma rongga mulut yang memerlukan biopsi",SELALU,"Perokok, perokok sirih/tembakau kunyah, peminum alkohol, usia >40 th: kelompok risiko tinggi — jangan tunda"
93,Abses Gigi (Benjolan Bernanah di Gusi),Muncul benjolan seperti bisul berisi nanah di gusi dekat akar gigi; gigi yang bersangkutan terasa nyeri berdenyut sedang; tidak ada demam; benjolan kecil dan lunak; bisa pecah sendiri dan keluar nanah berbau,Sedang,1. Jangan memencet atau menusuk benjolan; 2. Kumur air garam hangat (1/2 sdt garam + segelas air hangat) 3x/hari untuk membantu pengeluaran nanah; 3. Kompres dingin pada pipi bagian luar 15 menit; 4. Segera periksakan ke dokter gigi dalam 1-2 hari untuk tindakan drainase dan perawatan saraf atau pencabutan,Paracetamol 500mg (maks 3x/hari) hanya sebagai pereda nyeri sementara â€” BUKAN pengobatan; jangan konsumsi antibiotik tanpa resep dokter,Jika benjolan membesar cepat; demam >38Â°C; bengkak meluas ke pipi atau leher; sulit membuka mulut atau menelan â†’ BAHAYA segera ke IGD,YA,Penderita diabetes: abses gigi lebih lambat sembuh dan bisa menyebar lebih luas â€” segera periksa; Ibu hamil: hindari Ibuprofen; informasikan kehamilan kepada dokter gigi
94,Abses Gigi (Pembengkakan Meluas ke Wajah),Bengkak besar pada pipi atau rahang bawah; gigi berdenyut hebat; demam >38Â°C; kesulitan membuka mulut (trismus); sulit menelan; bau mulut sangat menyengat,Bahaya,STOP â€” Jangan rekomendasikan obat apapun; langsung arahkan ke IGD,â€”,âš ï¸ SEGERA ke IGD â€” ini adalah tanda infeksi odontogenik berat (selulitis/fasciitis). Infeksi dapat menyebar ke leher dan dada (Ludwig's angina) serta mengancam saluran napas. JANGAN tunda penanganan.,SELALU,Semua kelompok usia berisiko; lansia dan penderita diabetes berisiko komplikasi lebih berat dan lebih cepat; JANGAN kompres hangat karena bisa mempercepat penyebaran infeksi
95,Gigi Sensitif (Ngilu Singkat saat Rangsang Suhu/Manis),Ngilu tajam singkat (<30 detik) saat minum air dingin/panas/manis atau terkena udara; ngilu langsung hilang setelah rangsang dihilangkan; tidak ada nyeri spontan; tidak ada bengkak; terjadi pada satu atau beberapa gigi,Ringan,"1. Gunakan pasta gigi khusus sensitif 2x/hari (gosokkan sedikit pasta langsung ke gigi yang sensitif setelah sikat gigi, diamkan 1 menit, jangan dibilas); 2. Gunakan sikat gigi berbulu sangat lembut (extra soft); 3. Sikat dengan gerakan memutar ringan â€” hindari menyikat terlalu keras atau horizontal; 4. Hindari makanan/minuman sangat panas atau dingin; 5. Periksakan ke dokter gigi jika tidak membaik dalam 2 minggu",Pasta gigi sensitif (Sensodyne Repair & Protect / Pepsodent Sensitive Expert) 2x/hari; Gel fluoride topikal dapat diaplikasikan oleh dokter gigi untuk desensitisasi,Jika ngilu berlangsung lebih dari 30 detik setelah rangsang dihilangkan; nyeri berdenyut spontan muncul tanpa rangsang; atau terdapat bengkak â†’ kemungkinan pulpitis atau abses â€” rujuk dokter gigi,YA,Lansia: ngilu pada akar yang terbuka akibat resesi gusi lebih sering terjadi â€” perlu evaluasi periodontal; Pengguna kawat gigi: normal mengalami ngilu ringan sementara setelah penyesuaian kawat
96,Gigi Sensitif (Ngilu Menetap >30 Detik setelah Rangsang),Ngilu atau nyeri terasa menetap lebih dari 30 detik setelah rangsang suhu dihilangkan; dapat disertai nyeri berdenyut ringan; tidak ada bengkak; tidak ada demam,Sedang,1. Hindari makanan/minuman ekstrem panas atau dingin sementara; 2. Jangan menggigit keras pada gigi yang sakit; 3. Segera periksakan ke dokter gigi dalam 1-3 hari â€” kemungkinan dibutuhkan perawatan saraf (pulp capping atau PSA),Paracetamol 500mg (maks 3x/hari) sebagai pereda nyeri sementara â€” BUKAN pengobatan; pasta gigi sensitif tidak cukup untuk kondisi ini,Jika berkembang menjadi nyeri berdenyut spontan yang tidak hilang; atau muncul bengkak pada gusi/pipi â†’ BAHAYA â€” rujuk segera,YA,Kondisi ini berbeda dari ngilu sensitif biasa â€” kemungkinan pulpitis reversibel yang bisa berkembang menjadi pulpitis ireversibel jika dibiarkan; ibu hamil: hindari Ibuprofen
97,Perawatan Saraf Gigi / PSA (Pertanyaan Umum),Pasien bertanya tentang apa itu perawatan saraf gigi; apakah sakit; berapa lama; kapan dibutuhkan; tidak ada gejala darurat,Ringan,Perawatan saraf gigi (PSA/Root Canal Treatment) adalah prosedur yang dilakukan dokter gigi untuk menyelamatkan gigi yang infeksinya sudah mencapai saraf (pulpa). Prosedurnya: 1. Dokter memberikan anestesi lokal sehingga prosedur tidak terasa sakit; 2. Saraf dan jaringan yang terinfeksi dibersihkan dari dalam saluran akar; 3. Saluran akar diisi dengan bahan khusus (gutta-percha); 4. Gigi ditutup dengan tambalan sementara lalu mahkota gigi (crown) permanen. Jumlah kunjungan: 2â€“4 kali tergantung tingkat infeksi. Rasa nyeri setelah prosedur umumnya ringan dan dapat diatasi dengan Paracetamol,Paracetamol 500mg (maks 3x/hari) untuk nyeri pasca prosedur jika diperlukan,Tidak ada red flag untuk pertanyaan umum tentang PSA,YA,Anak: gigi susu yang membutuhkan perawatan saraf disebut pulpotomi/pulpektomi â€” masih bisa diselamatkan; Lansia: perawatan tetap bisa dilakukan namun perlu evaluasi kondisi umum; Penderita diabetes: beri tahu dokter gigi sebelum prosedur
98,Pembengkakan Pipi setelah Cabut Gigi (Normal),Bengkak dan memar ringan pada pipi dalam 1-3 hari setelah cabut gigi; sedikit nyeri yang terkontrol dengan obat; area bekas cabutan terisi bekuan darah merah gelap; tidak ada demam; tidak ada nanah,Ringan,1. Kompres dingin (es dibungkus kain) pada pipi bagian luar: 20 menit ON â€” 20 menit OFF selama 24 jam pertama; 2. Jangan menghisap area bekas cabutan; 3. Hindari makan makanan keras atau panas dalam 24 jam; 4. Hindari merokok minimal 72 jam; 5. Tidur dengan kepala lebih tinggi; 6. Kumur air garam hangat mulai hari ke-2 (bukan hari pertama) dengan sangat perlahan,"Paracetamol 500mg (maks 3x/hari) atau Ibuprofen 400mg setelah makan (maks 3x/hari, maks 3 hari); antibiotik hanya jika diresepkan dokter gigi",Jika demam >38Â°C; bengkak bertambah besar setelah hari ke-3; nanah keluar dari luka; nyeri semakin memburuk setelah hari ke-3 (bukan membaik); atau lubang bekas cabutan tampak kosong dan berbau â†’ kemungkinan dry socket atau infeksi â†’ kembali ke dokter gigi,YA,Perokok: risiko dry socket jauh lebih tinggi â€” wajib tidak merokok minimal 72 jam; Pengguna pengencer darah: perdarahan lebih lama dari biasa â€” informasikan ke dokter gigi sebelum pencabutan; Ibu hamil: hindari Ibuprofen
99,Gigi Berlubang pada Anak (Karies Anak),Anak mengeluh ngilu atau sakit saat makan manis/dingin; terlihat lubang atau bercak cokelat/hitam pada gigi; anak menjadi rewel saat makan; kadang bau mulut; belum ada bengkak atau demam,Sedang,1. Bawa anak ke dokter gigi spesialis anak (drg KGA) atau dokter gigi umum dalam 3-5 hari; 2. Sementara: hindari makanan/minuman manis dan dingin; 3. Sikat gigi anak 2x/hari dengan pasta berfluorida (seukuran biji beras untuk <3 th; seukuran kacang polong untuk 3-6 th); 4. Dampingi dan bantu anak saat menyikat gigi; 5. Tidak perlu menunggu gigi susu tanggal sendiri â€” gigi susu berlubang tetap harus dirawat karena memengaruhi pertumbuhan gigi permanen,Pasta gigi berfluorida anak (min 1000 ppm); jika nyeri: Paracetamol sirup sesuai dosis berat badan (10-15 mg/kgBB) â€” JANGAN berikan Ibuprofen untuk anak <6 bulan,Jika anak demam; ada bengkak pada gusi atau pipi; anak menangis kesakitan dan tidak mau makan sama sekali â†’ BAHAYA â€” segera bawa ke dokter gigi atau IGD,YA,Gigi susu berlubang yang dibiarkan dapat menyebabkan infeksi yang memengaruhi benih gigi permanen di bawahnya; gigi susu juga penting untuk bicara dan mengunyah â€” jangan abaikan; hindari kebiasaan minum susu botol sambil tidur
100,Maloklusi / Gigi Tidak Rata (Pertanyaan Kawat Gigi),Pasien atau orang tua bertanya tentang gigi berjejal; gigi tonggos; gigitan tidak pas; kapan harus pasang kawat gigi; tidak ada keluhan nyeri atau infeksi,Ringan,"Kondisi gigi tidak rata (maloklusi) adalah kondisi di mana posisi gigi atas dan bawah tidak bertemu dengan baik saat menggigit. Berikut panduan umum: 1. Waktu ideal pemasangan kawat gigi pada anak adalah usia 11-14 tahun (setelah sebagian besar gigi permanen tumbuh); 2. Orang dewasa tetap bisa menggunakan kawat gigi tanpa batasan usia; 3. Jenis pilihan: kawat cekat konvensional (metal/ceramic), kawat lepasan, atau aligner transparan (Invisalign/Zenyum) â€” konsultasikan pilihan dengan dokter gigi ortodonti (Sp.Ort); 4. Sebelum pemasangan kawat, dokter gigi akan melakukan pemeriksaan lengkap termasuk foto rontgen panoramik; 5. Periksakan ke dokter gigi untuk mendapatkan rencana perawatan yang tepat",Tidak ada rekomendasi obat untuk konsultasi ortodonti,Tidak ada red flag untuk pertanyaan umum tentang kawat gigi,YA,"Anak <8 tahun dengan masalah gigitan parah (tongue thrust, open bite, cross bite) dapat dirujuk lebih awal ke ortodonti untuk perawatan preventif; Pasien dengan kondisi medis tertentu (osteoporosis, penyakit gusi aktif) perlu evaluasi terlebih dahulu sebelum memulai perawatan ortodonti"
101, Nyeri Gigi,Ngilu singkat kurang dari 30 detik saat minum dingin/panas; ngilu hilang ketika rangsang dihilangkan; tidak ada bengkak ,Ringan,1. Hindari makanan/minuman sangat panas atau dingin; 2. Gunakan pasta gigi sensitif 2x/hari; 3. Sikat gigi dengan bulu sikat lembut; 4. Kumur menggunakan air hangat,Pasta gigi sensitif (misal Sensodyne/Pepsodent Sensitive) — aplikasikan 2x/hari; Paracetamol 500mg bila nyeri mengganggu (max 3x/hari),"Jika ngilu berlangsung selama lebih dari 30 detik setelah rangsang dihilangkan → potensi pulpitis/peradangan pada saraf gigi, rujuk ke dokter gigi terdekat",YA,Anak <12 th: gunakan pasta gigi anak sensitif; Lansia: periksa apakah ada terjadi penurunan gusi
102,Nyeri Gigi,Nyeri berdenyut terus-menerus; tidak hilang sendiri; bertambah parah pada malam hari; gigi terasa 'lebih tinggi' saat gigit,Sedang,1. Jangan gigitkan gigi yang sakit; 2. Kompres menggunakan air dingin pada pipi bagian luar selama 15 mnt; 3. Minum obat pereda nyeri  (resep dokter); 4. Segera berkunjung ke dokter gigi dalam 1-2 hari jika gejala tidak membaik,Paracetamol 500mg (max 3x/hari) sebagai  pereda sementara bukan sebagai pengobatan (dikonsumsi hanya saat nyeri),"Jika muncul bengkak pada gusi/pipi, demam >38°C, atau sulit membuka mulut  menunjukkan tanda bahaya maka segera rujuk ke dokter gigi",YA,"Ibu hamil: hindari Ibuprofen, gunakan Paracetamol saja; Lansia: waspadai interaksi obat"
103,Nyeri Gigi,Bengkak pada gusi/pipi; nyeri hebat berdenyut; demam >38°C; sulit buka mulut (trismus); gigi goyang,Bahaya,STOP — Jangan rekomendasikan obat apapun,-,"Segera pergi ke IGD, puskesmas, atau dokter gigi jika ada bengkak pada gigi/gusi yang makin besar, terasa sangat sakit, atau sampai menjalar ke leher. Ini bisa jadi infeksi serius yang berbahaya. Jika sampai sulit menelan atau terasa sesak napas, segera hubungi 119 atau cari bantuan darurat.",SELALU,"Anak-anak dan lansia lebih berisiko mengalami infeksi berat. Jadi kalau ada tanda infeksi, sebaiknya segera dibawa ke fasilitas kesehatan."
104,Nyeri Gigi,Nyeri tajam saat menggigit/menekan; gigi pernah ditambal atau dilakukan perawatan saraf; tidak ada bengkak,Sedang,1. Hindari menggigit pada sisi gigi yang sakit; 2. Hindari makanan keras dan lengket; 3. Buat jadwal ke dokter gigi dalam 2-3 hari,Paracetamol 500mg (max 3x/hari) sebagai  pereda sementara bukan sebagai pengobatan (dikonsumsi hanya saat nyeri),"Jika mulai muncul bengkak atau demam, itu sudah termasuk tanda bahaya, maka segera bawa ke dokter atau fasilitas kesehatan.",YA,-
105,Gigi Berlubang,Terlihat atau terasa lubang pada gigi; ngilu ringan saat makan manis/asam; tidak ada nyeri spontan,Ringan,1. Sikat gigi 2x/hari (setelah sarapan pagi hari dan malam sebelum tidur) dengan pasta berfluorida selama minmal 2 menit; 2. Gunakan benang gigi (dental floss) setelah sikat gigi; 3. Hindari makanan manis/lengket berlebihan; 4. Rencanakan kunjungan dokter gigi rutin setiap 6 bulan,Pasta gigi berfluorida (misal Pepsodent/Colgate) selama 2x/hari; Obat kumur fluorida jika direkomendasikan dokter,"Jika muncul nyeri spontan tanpa rangsang atau bengkak, segera rujuk ke dokter gigi ",YA,Anak <12 th: dampingi sikat gigi; Ibu hamil: segera periksa ke dokter gigi karena hormon meningkatkan risiko gigi berlubang dan peradangan gusi
106,Gigi Berlubang,Lubang besar terlihat jelas; makanan sering tersangkut; ngilu sedang saat makan; kadang nyeri spontan singkat,Sedang,Segera periksa ke dokter gigi untuk dilakukan tindakan  tambalan gigi,Paracetamol 500mg bila nyeri (max 3x/hari) hanya sementara; Eugenol gel (minyak cengkeh) dapat dioleskan di rongga gigi sebagai pertolongan pertama,Jika nyeri berdenyut terus-menerus pada malam hari dan muncul bengkak termasuk tanda bahaya,YA,-
107,Gusi Berdarah,Gusi berdarah saat sikat gigi; tidak ada nyeri; gusi tampak kemerahan di tepi; tidak ada bengkak,Ringan,"1. Sikat gigi dengan teknik yang benar (bulu lembut, gerakan melingkar); 2. Gunakan dental floss 1x/hari; 3. Gunakan obat kumur antibakteri; 4. Perbanyak konsumsi vitamin C","Obat kumur yang mengandung Chlorhexidine 0,12% (kumur 30 detik, 2x/hari, max 2 minggu); Vitamin C","Jika gusi berdarah spontan (tanpa sikat gigi), disertai demam, atau bernanah , segera periksa ke dokter gigi",YA,Ibu hamil: gusi berdarah saat hamil (pregnancy gingivitis) umum terjadi tetapi tetap periksakan ke dokter gigi; Pengguna pengencer darah: konsultasi dokter
108,Gusi Berdarah,Gusi berdarah spontan; disertai gusi bengkak dan bernanah; bau mulut hebat; gigi terasa goyang,Bahaya,STOP — Jangan rekomendasikan apapun,-,"Segera periksa ke dokter gigi atau puskesmas, karena kondisi ini bisa jadi infeksi gusi yang parah dengan nanah. Jika tidak ditangani, gigi bisa lepas dan infeksinya bisa menyebar ke bagian tubuh lain.",SELALU,Penderita diabetes: infeksi gusi lebih berat dan lambat sembuh. Segera periksa ke dokter gigi 
109,Gusi Bengkak,Gusi bengkak lokal di sekitar 1 gigi; nyeri tekan; tidak ada demam; tidak ada nanah,Sedang,1. Kompres dingin pada pipi bagian luar selama 15 mnt (3x/hari); 2. Kumur air garam hangat (1/2 sdt garam + segelas air) 3x/hari; 3. Hindari menggigit pada area tersebut; 4. Kunjungi dokter gigi dalam 1-2 hari,Paracetamol 500mg (max 3x/hari) sebagai  pereda sementara bukan sebagai pengobatan (dikonsumsi hanya saat nyeri),"Jika bengkak meluas ke pipi/leher, demam >38°C, atau sulit menelan → BAHAYA, rujuk ke dokter gigi",YA,Ibu hamil: hindari Ibuprofen; Anak <12 th: dosis Paracetamol sesuai berat badan (10-15 mg/kg BB)
110,Gusi Bengkak,Bengkak seluruh gusi merata; disertai demam tinggi; sulit membuka mulut atau menelan; pembengkakan sampai leher/rahang,Bahaya,"Segera ke IGD, karena kondisi ini bisa berupa infeksi berat di area mulut atau wajah yang bisa mengganggu pernapasan. Jika tidak cepat ditangani, bisa berbahaya dan mengancam nyawa dalam waktu singkat",-,"Segera ke IGD, karena kondisi ini bisa berupa infeksi berat di area mulut atau wajah yang bisa mengganggu pernapasan. Jika tidak cepat ditangani, bisa berbahaya dan mengancam nyawa dalam waktu singkat.",SELALU,Semua kelompok umur berisiko — jangan tunda penanganan
111,Sariawan,"Luka bulat/oval kecil (<1 cm) pada bagian dalam pipi/lidah/bibir; tepi merah, tengah putih/kuning; nyeri saat makan; muncul 1-3 biji",Ringan,"1. Hindari makanan pedas, asam, dan keras; 2. Kumur air garam hangat 3x/hari; 3. Jaga kebersihan mulut; 4. Perbanyak konsumsi buah dan sayur (vit B12, zat besi, folat)"," Gel Triamcinolone Acetonide 0,1% (oleskan tipis 2-3x/hari setelah makan); atau Bonjela gel; Vitamin B-kompleks 1x/hari; Obat kumur Betadine 2x/hari","Jika luka >2 cm, tidak sembuh >2 minggu, atau muncul di banyak lokasi sekaligus → rujuk dokter gigi",YA,"Anak <12 th: hindari gel Triamcinolone, gunakan madu sebagai alternatif; Ibu hamil: konsultasi dokter sebelum obat apapun"
112,Sariawan,"Luka besar (>1 cm) atau banyak; tidak sembuh >3 minggu; atau disertai demam, sariawan di tenggorokan, dan ruam kulit",Sedang,1. Jangan mengobati sendiri; 2. Catat sudah berapa lama dan lokasi luka; 3. Segera periksakan ke dokter umum atau dokter gigi,"Gel Triamcinolone 0,1% hanya sebagai pertolongan pertama sementara menunggu jadwal dokter","Jika disertai demam tinggi, nyeri tenggorokan hebat, dan tidak bisa menelan → BAHAYA, rujuk segera ",YA,Lansia & pasien immunocompromised: sariawan berulang bisa tanda penyakit sistemik — wajib periksa
113,"
Cara Sikat Gigi yang Benar",Pertanyaan umum tentang cara sikat gigi; tidak ada keluhan spesifik,Ringan,"Berikut prosedur menyikat gigi yang baik dan benar: gunakan sikat gigi yang lembut dan pasta gigi sebesar biji jagung;
1. Letakkan sikat gigi menghadap ke gusi dengan sudut sekitar 45°. Posisi bulu sikat sebagian menyentuh gusi dan sebagian menyentuh gigi; 2. Gerakkan sikat secara kecil-kecil dan lembut. Gerakannya seperti getaran pendek maju-mundur, jangan terlalu keras; 3. Fokus membersihkan tepi gusi dan sela gigi. Lakukan sekitar 10–15 getaran pada setiap bagian gigi; 4. Setelah itu, sapukan sikat dari gusi ke arah ujung gigi. Untuk rahang atas gerakkan ke bawah, sedangkan rahang bawah gerakkan ke atas; 5. Ulangi pada seluruh permukaan gigi. Bersihkan bagian luar, bagian dalam, dan permukaan kunyah gigi; 6. Untuk gigi depan bagian dalam, gunakan ujung sikat secara vertikal. Gerakkan perlahan dari gusi ke arah ujung gigi; 7. Sikat gigi selama kurang lebih 2 menit dan dilakukan 2 kali sehari, terutama setelah sarapan dan sebelum tidur.",Pasta gigi berfluorida 1000-1500 ppm (dewasa); setelah sikat gigi gunakan dental floss 1x/hari malam hari dan obat kumur tanpa alkohol jika diperlukan,Tidak ada red flag untuk pertanyaan umum,YA,"Anak <6 th: pasta gigi seukuran biji beras, didampingi orang tua; Anak 6-12 th: seukuran kacang polong; Pengguna kawat gigi: gunakan sikat interdental/proxy brush"
114,Noda gigi (Stains),"Permukaan gigi berwarna cokelat atau hitam (bukan karena lubang); biasanya akibat kopi, teh, atau rokok; permukaan terasa kasar",Ringan,1. Sikat gigi rutin 2x/hari; 2. Kurangi konsumsi minuman dan rokok sebagai pemicu noda; 3. Lakukan prosedur scaling & polishing di dokter gigi,"Pemutih gigi atau bleaching gigi dapat dilakukan di dokter gigi (menggunakan bahan pemutih dengan konsentrasi lebih tinggi sehingga hasilnya lebih cepat terlihat namun mahal); maupun dilakukan sendiri di rumah dengan pengawasan dokter gigi (direkomendasikan karena lebih aman dibanding membeli produk sembarangan); atau menggunakan produk yang sering digunakan seperti Whitening toothpaste (pasta gigi yang mengandung bahan pemutih) Whitening strips, atau gel pemutih namun umumnya hanya membantu menghilangkan noda di permukaan gigi, bukan memutihkan secara drastis.",Jika noda disertai rasa ngilu tajam atau terdapat lubang di bawah noda tersebut,YA,"Anak di bawah 18 tahun; Ibu hamil tanpa konsultasi dokter; Orang dengan gigi sensitif berat; Ada karies, radang gusi, atau gigi berlubang; Memiliki tambalan, crown, atau veneer di gigi depan karena warna restorasi tidak ikut berubah putih"
115,Lidah Putih / Kotor,Terdapat lapisan putih/abu-abu pada permukaan lidah; bau mulut; terasa pahit atau asam di mulut,Ringan,1. Gunakan pembersih lidah (tongue scraper) setiap pagi; 2. Sikat lidah perlahan dari belakang ke depan; 3. Minum air putih 8 gelas/hari,Obat kumur tanpa alkohol (non-alcohol mouthwash),Lapisan putih tidak bisa dikerok atau terdapat luka (sariawan) yang tidak sembuh >2 minggu,YA,"Bisa disebabkan kurang hidrasi, merokok, atau kebersihan lidah yang buruk"
116,Sisa akar gigi,Gigi sudah habis/patah tinggal akar; kadang muncul daging tumbuh (polip) di tengahnya; sering terselip makanan,Sedang,1. Jaga kebersihan area akar agar tidak infeksi; 2. Jangan menusuk-nusuk akar dengan tusuk gigi; 3. Rencanakan pencabutan di drg,"Obat kumur antiseptik (Chlorhexidine 0,12%) 2x/hari untuk mencegah infeksi",Muncul benjolan bernanah (abses) pada gusi di bawah akar gigi tersebut,YA,Akar gigi yang dibiarkan bisa menjadi sumber infeksi (fokal infeksi) bagi organ tubuh lain
117,Gigi Anak Menghitam / Keropos,Gigi depan atas anak tampak cokelat/hitam; gigi tampak rapuh; sering terjadi pada anak yang minum susu botol saat tidur,Sedang,1. Hentikan kebiasaan minum susu botol/manis menjelang tidur; 2. Bersihkan gigi anak dengan kain kasa atau sikat gigi bayi setelah minum susu; 3. Konsultasi ke dokter gigi spesialis anak (KGA),"Pasta gigi mengandung fluoride minimal 1000 ppm (gunakan seukuran biji beras untuk <3 thn, kacang polong untuk 3-6 thn)","Jika anak mulai mengeluh sakit saat makan, ada bengkak kecil seperti jerawat di gusi (abses), atau anak jadi rewel/tidak mau makan",YA,"Early Childhood Caries (ECC) — jika tidak dirawat, gigi permanen di bawahnya bisa terganggu"
118,Gusi Menurun (Resesi Gusi),Akar gigi terlihat (gigi tampak lebih panjang); ngilu saat terkena udara atau air dingin; tidak ada bengkak atau nanah; biasanya pada satu atau beberapa gigi,Ringan,1. Gunakan sikat gigi berbulu sangat lembut (ultra soft); 2. Gunakan teknik menyikat gigi yang tidak terlalu keras (gerakan memutar); 3. Gunakan pasta gigi sensitif,asta gigi sensitif (misal Sensodyne); Aplikasi topical fluoride di dokter gigi,Jika gigi mulai goyang atau terdapat radang hebat pada tepi gusi yang turun,YA,Lansia: lebih sering terjadi karena faktor usia dan riwayat penyakit periodontal
119,Nyeri Pasca Cabut Gigi (Dry Socket),Nyeri hebat muncul 3-5 hari setelah cabut gigi; lubang bekas cabutan tampak kosong (tidak ada bekuan darah); bau mulut menyengat; nyeri menjalar ke telinga,Sedang,1. Jangan menghisap area bekas cabutan; 2. Hindari merokok; 3. Kumur air garam hangat dengan sangat perlahan; 4. Segera kembali ke dokter gigi yang mencabut gigi Anda,Paracetamol 500mg (max 3x/hari) atau Ibuprofen 400mg; Alvogyl (hanya diaplikasikan oleh dokter gigi),"Jika muncul nanah, demam tinggi, atau bengkak besar di area bekas cabutan",YA,Perokok memiliki risiko jauh lebih tinggi terkena Dry Socket
120,Menggeretakkan Gigi (Bruxism),Gigi tampak rata atau pendek; sering nyeri rahang atau sakit kepala saat bangun tidur; suara gesekan gigi terdengar saat tidur,Sedang,1. Lakukan relaksasi rahang sebelum tidur; 2. Hindari mengunyah benda keras (es batu/pensil); 3. Kelola stres; 4. Konsultasi dokter gigi untuk pembuatan night guard,Paracetamol 500mg jika ada nyeri otot rahang (max 3x/hari),Jika rahang terasa terkunci atau sangat nyeri saat membuka mulut,YA,Sering dipicu oleh stres; Pasien mungkin tidak sadar melakukannya saat tidur